cruise,date,haul,species,long,lat,period,station,type_haul,totalCatchWtkg
JCFINP1904,5/1/2019,6,Scomber japonicus,-106.2502842,22.96221333,nocturno,spring,Media agua,0.22
JCFINP1904,5/1/2019,6,Opisthonema spp.,-106.2502842,22.96221333,nocturno,spring,Media agua,5.48
JCFINP1904,5/1/2019,7,Opisthonema spp.,-106.1400308,22.81209833,nocturno,spring,Media agua,6.19
JCFINP1904,5/2/2019,8,Engraulis mordax,-106.30197,23.01832583,nocturno,spring,Media agua,0.07
JCFINP1904,5/2/2019,8,Opisthonema spp.,-106.30197,23.01832583,nocturno,spring,Media agua,1.35
JCFINP1904,5/3/2019,9,Trachurus symmetricus,-106.6811925,23.38031417,nocturno,spring,Media agua,0.08
JCFINP1904,5/3/2019,9,Scomber japonicus,-106.6811925,23.38031417,nocturno,spring,Media agua,0.05
JCFINP1904,5/3/2019,10,Trachurus symmetricus,-106.8998758,23.55273,diurno,spring,Media agua,0.01
JCFINP1904,5/4/2019,12,Trachurus symmetricus,-107.24086,23.66668083,diurno,spring,Media agua,0.19
JCFINP1904,5/4/2019,14,Scomber japonicus,-107.3759225,23.88584333,nocturno,spring,Media agua,1.48
JCFINP1904,5/5/2019,16,Opisthonema spp.,-107.7978925,24.25083417,nocturno,spring,Media agua,0.13
JCFINP1904,5/5/2019,16,Scomber japonicus,-107.7978925,24.25083417,nocturno,spring,Media agua,0.33
JCFINP1904,5/6/2019,17,Opisthonema spp.,-107.6861165,23.80607657,nocturno,spring,Fondo,0.05
JCFINP1904,5/8/2019,18,Opisthonema spp.,-107.0549433,23.76056833,nocturno,spring,Media agua,0.161
JCFINP1904,5/10/2019,21,Scomber japonicus,-108.0847875,24.39291,nocturno,spring,Fondo,0.59
JCFINP1904,5/10/2019,21,Trachurus symmetricus,-108.0847875,24.39291,nocturno,spring,Fondo,1.26
JCFINP1904,5/12/2019,29,Scomber japonicus,-108.6351152,24.98132067,diurno,spring,Media agua,0.08
JCFINP1904,5/13/2019,30,Opisthonema spp.,-108.8705417,25.13809308,nocturno,spring,Media agua,20.96
JCFINP1904,5/13/2019,30,Scomber japonicus,-108.8705417,25.13809308,nocturno,spring,Media agua,12.08
JCFINP1904,5/13/2019,30,Oligoplites refulgens,-108.8705417,25.13809308,nocturno,spring,Media agua,0.52
JCFINP1904,5/13/2019,30,Trachurus symmetricus,-108.8705417,25.13809308,nocturno,spring,Media agua,12.06
JCFINP1904,5/14/2019,31,Engraulis mordax,-109.068305,25.3358875,nocturno,spring,Media agua,0.014
JCFINP1904,5/14/2019,31,Scomber japonicus,-109.068305,25.3358875,nocturno,spring,Media agua,1.52
JCFINP1904,5/14/2019,31,Oligoplites refulgens,-109.068305,25.3358875,nocturno,spring,Media agua,0.04
JCFINP1904,5/14/2019,31,Opisthonema spp.,-109.068305,25.3358875,nocturno,spring,Media agua,0.083
JCFINP1904,5/15/2019,34,Engraulis mordax,-109.5098725,25.74436583,nocturno,spring,Media agua,1.42
JCFINP1904,5/15/2019,34,Oligoplites refulgens,-109.5098725,25.74436583,nocturno,spring,Media agua,1.927
JCFINP1904,5/15/2019,34,Trachurus symmetricus,-109.5098725,25.74436583,nocturno,spring,Media agua,0.02
JCFINP1904,5/15/2019,34,Opisthonema spp.,-109.5098725,25.74436583,nocturno,spring,Media agua,0.045
JCFINP1904,5/15/2019,34,Scomber japonicus,-109.5098725,25.74436583,nocturno,spring,Media agua,0.485
JCFINP1904,5/15/2019,34,Sardinops sagax,-109.5098725,25.74436583,nocturno,spring,Media agua,0.012
JCFINP1904,5/17/2019,36,Scomber japonicus,-109.6526208,26.000765,nocturno,spring,Media agua,11.12
JCFINP1904,5/18/2019,39,Scomber japonicus,-109.692415,26.46270083,nocturno,spring,Media agua,0.193
JCFINP1904,5/18/2019,39,Engraulis mordax,-109.692415,26.46270083,nocturno,spring,Media agua,10.456
JCFINP1904,5/19/2019,40,Opisthonema spp.,-109.6095558,26.5615125,nocturno,spring,Media agua,3.26
JCFINP1904,5/19/2019,40,Trachurus symmetricus,-109.6095558,26.5615125,nocturno,spring,Media agua,1.4
JCFINP1904,5/19/2019,40,Scomber japonicus,-109.6095558,26.5615125,nocturno,spring,Media agua,62.55
JCFINP1904,5/19/2019,41,Engraulis mordax,-111.3110758,26.21987917,nocturno,spring,Media agua,3582.8
JCFINP1904,5/20/2019,42,Trachurus symmetricus,-110.89579,26.430965,nocturno,spring,Media agua,0.003
JCFINP1904,5/20/2019,44,Opisthonema spp.,-110.0764392,26.84910167,nocturno,spring,Media agua,9.36
JCFINP1904,5/20/2019,44,Oligoplites refulgens,-110.0764392,26.84910167,nocturno,spring,Media agua,0.301
JCFINP1904,5/20/2019,44,Scomber japonicus,-110.0764392,26.84910167,nocturno,spring,Media agua,0.09
JCFINP1904,5/21/2019,45,Oligoplites refulgens,-110.2868533,27.02982583,nocturno,spring,Media agua,3.16
JCFINP1904,5/21/2019,45,Scomber japonicus,-110.2868533,27.02982583,nocturno,spring,Media agua,0.18
JCFINP1904,5/21/2019,47,Scomber japonicus,-111.2022317,26.85505,nocturno,spring,Media agua,3.74
JCFINP1904,5/22/2019,48,Scomber japonicus,-110.9667633,26.97424667,nocturno,spring,Media agua,0.331
JCFINP1904,5/23/2019,50,Sardinops sagax,-111.6024167,26.93966667,nocturno,spring,Media agua,16.7
JCFINP1904,5/23/2019,50,Scomber japonicus,-111.6024167,26.93966667,nocturno,spring,Media agua,223.372
JCFINP1904,5/23/2019,51,Engraulis mordax,-110.9488808,27.83757833,nocturno,spring,Media agua,125.77
JCFINP1904,5/23/2019,51,Scomber japonicus,-110.9488808,27.83757833,nocturno,spring,Media agua,0.722
JCFINP1904,5/23/2019,51,Oligoplites refulgens,-110.9488808,27.83757833,nocturno,spring,Media agua,0.223
JCFINP1904,5/24/2019,52,Scomber japonicus,-111.2290125,27.7080025,nocturno,spring,Media agua,0.902
JCFINP1906,6/20/2019,1,Engraulis mordax,-117.0478835,31.90446585,diurno,spring,Media agua,0.074
JCFINP1906,6/20/2019,2,Engraulis mordax,-117.4259415,31.7024425,diurno,spring,Media agua,0.26
JCFINP1906,6/22/2019,6,Engraulis mordax,-116.8438285,31.4282883,diurno,summer,Media agua,2.468
JCFINP1906,6/22/2019,7,Engraulis mordax,-117.368194,31.1533742,nocturno,summer,Media agua,0.743
JCFINP1906,6/23/2019,8,Engraulis mordax,-116.719503,31.20169335,nocturno,summer,Media agua,0.868
JCFINP1906,6/24/2019,11,Sardinops sagax,-116.558976,30.9957642,diurno,summer,Media agua,0.014
JCFINP1906,6/24/2019,11,Engraulis mordax,-116.558976,30.9957642,diurno,summer,Media agua,0.947
JCFINP1906,6/25/2019,12,Engraulis mordax,-117.0118915,30.46425335,diurno,summer,Media agua,2.889
JCFINP1906,6/25/2019,12,Sardinops sagax,-117.0118915,30.46425335,diurno,summer,Media agua,0.02
JCFINP1906,6/25/2019,12,Trachurus symmetricus,-117.0118915,30.46425335,diurno,summer,Media agua,0.012
JCFINP1906,6/25/2019,12,Scomber japonicus,-117.0118915,30.46425335,diurno,summer,Media agua,0.006
JCFINP1906,6/25/2019,13,Sardinops sagax,-116.4911742,30.740705,nocturno,summer,Media agua,0.012
JCFINP1906,6/25/2019,13,Engraulis mordax,-116.4911742,30.740705,nocturno,summer,Media agua,2.069
JCFINP1906,6/26/2019,14,Sardinops sagax,-116.1823967,30.61343417,nocturno,summer,Media agua,1.68
JCFINP1906,6/26/2019,14,Engraulis mordax,-116.1823967,30.61343417,nocturno,summer,Media agua,0.691
JCFINP1906,6/26/2019,15,Engraulis mordax,-116.5650283,30.40855833,diurno,summer,Media agua,2.116
JCFINP1906,6/26/2019,16,Engraulis mordax,-116.7333383,30.31774583,diurno,summer,Media agua,5.978
JCFINP1906,6/26/2019,16,Sardinops sagax,-116.7333383,30.31774583,diurno,summer,Media agua,0.101
JCFINP1906,6/27/2019,17,Trachurus symmetricus,-116.9944992,29.89000417,nocturno,summer,Media agua,0.13
JCFINP1906,6/27/2019,17,Engraulis mordax,-116.9944992,29.89000417,nocturno,summer,Media agua,7.387
JCFINP1906,6/27/2019,17,Sardinops sagax,-116.9944992,29.89000417,nocturno,summer,Media agua,0.586
JCFINP1906,6/27/2019,17,Scomber japonicus,-116.9944992,29.89000417,nocturno,summer,Media agua,0.007
JCFINP1906,6/27/2019,18,Sardinops sagax,-116.7333025,30.02776167,nocturno,summer,Media agua,0.59
JCFINP1906,6/27/2019,18,Engraulis mordax,-116.7333025,30.02776167,nocturno,summer,Media agua,16.18
JCFINP1906,6/28/2019,19,Engraulis mordax,-116.3554575,30.228765,nocturno,summer,Media agua,5.389
JCFINP1906,6/29/2019,20,Engraulis mordax,-116.3446,29.64957917,diurno,summer,Media agua,3.75
JCFINP1906,6/29/2019,21,Engraulis mordax,-115.9553284,29.56432834,nocturno,summer,Media agua,10.71
JCFINP1906,6/29/2019,21,Sardinops sagax,-115.9553284,29.56432834,nocturno,summer,Media agua,0.873
JCFINP1906,6/29/2019,21,Scomber japonicus,-115.9553284,29.56432834,nocturno,summer,Media agua,0.127
JCFINP1906,7/6/2019,25,Engraulis mordax,-115.7989117,27.89536584,diurno,summer,Media agua,16.66
JCFINP1906,7/6/2019,25,Trachurus symmetricus,-115.7989117,27.89536584,diurno,summer,Media agua,0.13
JCFINP1906,7/6/2019,25,Sardinops sagax,-115.7989117,27.89536584,diurno,summer,Media agua,0.49
JCFINP1906,7/6/2019,25,Scomber japonicus,-115.7989117,27.89536584,diurno,summer,Media agua,1.9
JCFINP1906,7/6/2019,26,Trachurus symmetricus,-116.08527,27.74368834,diurno,summer,Media agua,0.793
JCFINP1906,7/6/2019,26,Scomber japonicus,-116.08527,27.74368834,diurno,summer,Media agua,0.032
JCFINP1906,7/6/2019,26,Engraulis mordax,-116.08527,27.74368834,diurno,summer,Media agua,0.048
JCFINP1906,7/6/2019,27,Engraulis mordax,-116.4484359,27.550845,nocturno,summer,Media agua,0.94
JCFINP1906,7/6/2019,27,Trachurus symmetricus,-116.4484359,27.550845,nocturno,summer,Media agua,0.016
JCFINP1906,7/6/2019,27,Scomber japonicus,-116.4484359,27.550845,nocturno,summer,Media agua,0.029
JCFINP1906,7/6/2019,27,Sardinops sagax,-116.4484359,27.550845,nocturno,summer,Media agua,0.01
JCFINP1906,7/7/2019,29,Scomber japonicus,-116.1664567,27.4139875,diurno,summer,Media agua,2.09
JCFINP1906,7/7/2019,29,Engraulis mordax,-116.1664567,27.4139875,diurno,summer,Media agua,107.418
JCFINP1906,7/7/2019,29,Sardinops sagax,-116.1664567,27.4139875,diurno,summer,Media agua,177.01
JCFINP1906,7/7/2019,29,Trachurus symmetricus,-116.1664567,27.4139875,diurno,summer,Media agua,0.41
JCFINP1906,7/9/2019,31,Engraulis mordax,-115.89908,27.25799083,diurno,summer,Media agua,0.002
JCFINP1906,7/9/2019,31,Sardinops sagax,-115.89908,27.25799083,diurno,summer,Media agua,0.005
JCFINP1906,7/9/2019,32,Engraulis mordax,-116.09436,27.15365583,diurno,summer,Media agua,0.207
JCFINP1906,7/9/2019,33,Engraulis mordax,-116.3131633,27.03761583,nocturno,summer,Media agua,0.031
JCFINP1906,7/9/2019,33,Scomber japonicus,-116.3131633,27.03761583,nocturno,summer,Media agua,2.23
JCFINP1907,8/29/2019,1,Trachurus symmetricus,-114.5770309,27.08243917,nocturno,summer,Media agua,0.009
JCFINP1907,7/30/2019,4,Trachurus symmetricus,-114.8443192,26.35854833,diurno,summer,Media agua,0.004
JCFINP1907,8/3/2019,12,Trachurus symmetricus,-113.6591933,26.38356833,diurno,summer,Media agua,0.032
JCFINP1907,8/6/2019,18,Trachurus symmetricus,-115.9703958,24.42773667,diurno,summer,Media agua,0.016
JCFINP1907,8/7/2019,19,Trachurus symmetricus,-113.1390733,26.07366,diurno,summer,Media agua,0.004
JCFINP1907,8/10/2019,25,Trachurus symmetricus,-112.7432708,25.63545,diurno,summer,Media agua,0.098
JCFINP1907,8/11/2019,27,Etrumeus acuminatus,-112.3834158,25.03374667,nocturno,summer,Media agua,0.346
JCFINP1907,8/14/2019,30,Trachurus symmetricus,-112.4087992,24.14534083,nocturno,summer,Media agua,0.009
JCFINP1907,8/14/2019,31,Scomber japonicus,-112.1026383,24.30650667,diurno,summer,Media agua,0.062
JCFINP1907,8/14/2019,33,Scomber japonicus,-111.8904867,24.1263025,nocturno,summer,Media agua,0.484
JCFINP1907,8/16/2019,34,Scomber japonicus,-111.1110075,23.95831667,diurno,summer,Media agua,0.12
JCFINP1907,8/16/2019,34,Sardinops sagax,-111.1110075,23.95831667,diurno,summer,Media agua,0.499
JCFINP1907,8/16/2019,34,Etrumeus acuminatus,-111.1110075,23.95831667,diurno,summer,Media agua,3.062
JCFINP1907,8/18/2019,37,Etrumeus acuminatus,-110.6191358,23.6335825,nocturno,summer,Media agua,25.8
JCFINP1907,8/18/2019,37,Scomber japonicus,-110.6191358,23.6335825,nocturno,summer,Media agua,0.587
JCFINP1907,8/18/2019,37,Sardinops sagax,-110.6191358,23.6335825,nocturno,summer,Media agua,1.23
JCFINP1907,8/18/2019,37,Trachurus symmetricus,-110.6191358,23.6335825,nocturno,summer,Media agua,3.53
JCFINP2105,6/8/2021,1,Engraulis mordax,-112.6819842,28.41781667,NA,spring,Media agua,79.79
JCFINP2105,6/8/2021,1,Scomber japonicus,-112.6819842,28.41781667,NA,spring,Media agua,0.03
JCFINP2105,6/8/2021,1,Sardinops sagax,-112.6819842,28.41781667,NA,spring,Media agua,0.12
JCFINP2105,6/8/2021,2,Engraulis mordax,-112.5911817,28.1761575,NA,spring,Media agua,128.46
JCFINP2105,6/8/2021,3,Engraulis mordax,-112.092655,28.14467417,NA,spring,Media agua,9.78
JCFINP2105,6/8/2021,3,Scomber japonicus,-112.092655,28.14467417,NA,spring,Media agua,4.821
JCFINP2105,6/8/2021,3,Etrumeus acuminatus,-112.092655,28.14467417,NA,spring,Media agua,0.14
JCFINP2105,6/8/2021,3,Sardinops sagax,-112.092655,28.14467417,NA,spring,Media agua,0.57
JCFINP2105,6/9/2021,4,Scomber japonicus,-112.6033608,27.8792675,NA,spring,Media agua,0.39
JCFINP2105,6/9/2021,4,Engraulis mordax,-112.6033608,27.8792675,NA,spring,Media agua,55
JCFINP2105,6/10/2021,6,Engraulis mordax,-111.3134267,27.95648417,NA,spring,Media agua,13.99
JCFINP2105,6/10/2021,6,Scomber japonicus,-111.3134267,27.95648417,NA,spring,Media agua,2.11
JCFINP2105,6/10/2021,6,Sardinops sagax,-111.3134267,27.95648417,NA,spring,Media agua,0.25
JCFINP2105,6/10/2021,6,Trachurus symmetricus,-111.3134267,27.95648417,NA,spring,Media agua,0.06
JCFINP2105,6/10/2021,6,Oligoplites refulgens,-111.3134267,27.95648417,NA,spring,Media agua,0.15
JCFINP2105,6/10/2021,8,Engraulis mordax,-112.0560042,27.29022917,NA,spring,Media agua,1423.62
JCFINP2105,6/10/2021,8,Sardinops sagax,-112.0560042,27.29022917,NA,spring,Media agua,0.527
JCFINP2105,6/10/2021,8,Scomber japonicus,-112.0560042,27.29022917,NA,spring,Media agua,0.153
JCFINP2105,6/11/2021,9,Trachurus symmetricus,-110.8255317,27.77003417,NA,spring,Media agua,1.63
JCFINP2105,6/11/2021,9,Oligoplites refulgens,-110.8255317,27.77003417,NA,spring,Media agua,2.43
JCFINP2105,6/11/2021,9,Scomber japonicus,-110.8255317,27.77003417,NA,spring,Media agua,0.53
JCFINP2105,6/11/2021,11,Etrumeus acuminatus,-111.6770458,26.9039875,NA,spring,Media agua,11.12
JCFINP2105,6/11/2021,11,Scomber japonicus,-111.6770458,26.9039875,NA,spring,Media agua,3.38
JCFINP2105,6/11/2021,11,Trachurus symmetricus,-111.6770458,26.9039875,NA,spring,Media agua,0.16
JCFINP2105,6/11/2021,11,Sardinops sagax,-111.6770458,26.9039875,NA,spring,Media agua,0.03
JCFINP2105,6/12/2021,13,Sardinops sagax,-110.7089208,27.40081333,NA,spring,Media agua,0.014
JCFINP2105,6/12/2021,14,Scomber japonicus,-111.206195,26.8529975,NA,spring,Media agua,1.8
JCFINP2105,6/12/2021,14,Etrumeus acuminatus,-111.206195,26.8529975,NA,spring,Media agua,3.8
JCFINP2105,6/12/2021,14,Sardinops sagax,-111.206195,26.8529975,NA,spring,Media agua,1.38
JCFINP2105,6/17/2021,16,Opisthonema spp.,-110.0727025,26.8493075,NA,spring,Media agua,6.75
JCFINP2105,6/17/2021,16,Trachurus symmetricus,-110.0727025,26.8493075,NA,spring,Media agua,2.35
JCFINP2105,6/17/2021,16,Scomber japonicus,-110.0727025,26.8493075,NA,spring,Media agua,0.3
JCFINP2105,6/17/2021,16,Etrumeus acuminatus,-110.0727025,26.8493075,NA,spring,Media agua,0.4
JCFINP2105,6/17/2021,16,Oligoplites refulgens,-110.0727025,26.8493075,NA,spring,Media agua,0.9
JCFINP2105,6/19/2021,19,Engraulis mordax,-111.2202717,26.16331083,NA,spring,Media agua,957.679
JCFINP2105,6/19/2021,19,Scomber japonicus,-111.2202717,26.16331083,NA,spring,Media agua,2.112
JCFINP2105,6/19/2021,19,Etrumeus acuminatus,-111.2202717,26.16331083,NA,spring,Media agua,3.169
JCFINP2105,6/19/2021,19,Sardinops sagax,-111.2202717,26.16331083,NA,spring,Media agua,1.961
JCFINP2105,6/23/2021,22,Opisthonema spp.,-109.103915,25.3182225,NA,summer,Media agua,19.4
JCFINP2105,6/23/2021,22,Trachurus symmetricus,-109.103915,25.3182225,NA,summer,Media agua,0.15
JCFINP2105,6/23/2021,22,Oligoplites refulgens,-109.103915,25.3182225,NA,summer,Media agua,2
JCFINP2105,6/23/2021,24,Opisthonema spp.,-108.5629983,25.01923583,NA,summer,Media agua,0.095
JCFINP2105,6/24/2021,25,Oligoplites refulgens,-108.36067,24.90509333,NA,summer,Media agua,1.042
JCFINP2105,6/24/2021,25,Opisthonema spp.,-108.36067,24.90509333,NA,summer,Media agua,392.158
JCFINP2105,6/24/2021,26,Oligoplites refulgens,-108.1347583,24.64607583,NA,summer,Media agua,0.536
JCFINP2105,6/24/2021,26,Opisthonema spp.,-108.1347583,24.64607583,NA,summer,Media agua,1.063
JCFINP2105,6/24/2021,27,Opisthonema spp.,-108.0401017,24.4168025,NA,summer,Media agua,10.28
JCFINP2105,6/24/2021,27,Oligoplites refulgens,-108.0401017,24.4168025,NA,summer,Media agua,0.136
JCFINP2105,6/25/2021,28,Oligoplites refulgens,-107.1053475,23.73706917,NA,summer,Media agua,0.089
JCFINP2105,6/25/2021,28,Opisthonema spp.,-107.1053475,23.73706917,NA,summer,Media agua,5.32
JCFINP2105,6/26/2021,29,Opisthonema spp.,-106.3201092,23.0320425,NA,summer,Media agua,1.88
JCFINP2105,6/26/2021,30,Opisthonema spp.,-106.1740808,22.76297167,NA,summer,Media agua,0.085
JCFINP2205,5/23/2022,3,Etrumeus acuminatus,-109.6399333,25.9349475,n,spring,Media agua,1.27
JCFINP2205,5/23/2022,3,Scomber japonicus,-109.6399333,25.9349475,n,spring,Media agua,2.28
JCFINP2205,5/23/2022,3,Oligoplites refulgens,-109.6399333,25.9349475,n,spring,Media agua,2.75
JCFINP2205,5/23/2022,3,Sardinops sagax,-109.6399333,25.9349475,n,spring,Media agua,0.23
JCFINP2205,5/24/2022,4,Scomber japonicus,-110.680135,25.33928417,n,spring,Media agua,0.33
JCFINP2205,5/25/2022,8,Etrumeus acuminatus,-109.3311283,25.4712425,n,spring,Media agua,0.039
JCFINP2205,5/25/2022,8,Scomber japonicus,-109.3311283,25.4712425,n,spring,Media agua,0.23
JCFINP2205,5/25/2022,8,Trachurus symmetricus,-109.3311283,25.4712425,n,spring,Media agua,0.18
JCFINP2205,5/25/2022,8,Sardinops sagax,-109.3311283,25.4712425,n,spring,Media agua,0.264
JCFINP2205,5/26/2022,9,Etrumeus acuminatus,-109.174435,25.38652167,n,spring,Media agua,0.06
JCFINP2205,5/26/2022,9,Opisthonema spp.,-109.174435,25.38652167,n,spring,Media agua,22.11
JCFINP2205,5/26/2022,9,Scomber japonicus,-109.174435,25.38652167,n,spring,Media agua,14.75
JCFINP2205,5/26/2022,10,Etrumeus acuminatus,-109.0782025,25.32475333,n,spring,Media agua,0.301
JCFINP2205,5/26/2022,10,Opisthonema spp.,-109.0782025,25.32475333,n,spring,Media agua,21.42
JCFINP2205,5/26/2022,10,Scomber japonicus,-109.0782025,25.32475333,n,spring,Media agua,43.22
JCFINP2205,5/26/2022,11,Scomber japonicus,-108.9343275,25.11482667,n,spring,Media agua,0.31
JCFINP2205,5/27/2022,13,Scomber japonicus,-109.3693158,24.89350917,n,spring,Media agua,4.74
JCFINP2205,5/29/2022,17,Etrumeus acuminatus,-108.7012783,25.03910667,n,spring,Media agua,0.27
JCFINP2205,5/29/2022,17,Sardinops sagax,-108.7012783,25.03910667,n,spring,Media agua,0.021
JCFINP2205,5/29/2022,17,Scomber japonicus,-108.7012783,25.03910667,n,spring,Media agua,0.872
JCFINP2205,5/29/2022,18,Oligoplites refulgens,-108.1949542,24.708075,n,spring,Media agua,0.097
JCFINP2205,5/29/2022,18,Opisthonema spp.,-108.1949542,24.708075,n,spring,Media agua,35.52
JCFINP2205,5/29/2022,18,Scomber japonicus,-108.1949542,24.708075,n,spring,Media agua,0.387
JCFINP2205,5/29/2022,19,Opisthonema spp.,-108.3694383,24.81553167,n,spring,Media agua,0.316
JCFINP2205,5/31/2022,22,Scomber japonicus,-108.424715,23.80502667,n,spring,Media agua,111
JCFINP2205,6/1/2022,24,Scomber japonicus,-108.454,24.00792083,n,spring,Media agua,0.138
JCFINP2205,6/2/2022,26,Opisthonema spp.,-107.30695,23.98271417,n,spring,Media agua,25.87
JCFINP2205,6/2/2022,26,Oligoplites refulgens,-107.30695,23.98271417,n,spring,Media agua,1.017
JCFINP2205,6/3/2022,27,Opisthonema spp.,-107.4778158,24.09186583,n,spring,Media agua,16.96
JCFINP2205,6/3/2022,28,Opisthonema spp.,-107.9830267,24.20079917,n,spring,Media agua,28.33
JCFINP2205,6/3/2022,29,Opisthonema spp.,-107.0318863,23.7260075,n,spring,Media agua,53
JCFINP2205,6/3/2022,29,Oligoplites refulgens,-107.0318863,23.7260075,n,spring,Media agua,0.211
JCFINP2205,6/4/2022,30,Scomber japonicus,-107.114742,23.8462875,n,spring,Media agua,0.34
JCFINP2205,6/4/2022,30,Opisthonema spp.,-107.114742,23.8462875,n,spring,Media agua,35.84
JCFINP2205,6/4/2022,32,Opisthonema spp.,-106.6288617,23.34687167,n,spring,Media agua,28
JCFINP2206,6/24/2022,2,Opisthonema spp.,-109.4939408,26.4051375,nocturno,summer,Media agua,0.334
JCFINP2206,6/24/2022,2,Scomber japonicus,-109.4939408,26.4051375,nocturno,summer,Media agua,0.632
JCFINP2206,6/25/2022,4,Scomber japonicus,-110.7934675,25.57442582,nocturno,summer,Media agua,3.911
JCFINP2206,6/26/2022,6,Opisthonema spp.,-109.6169692,26.53631083,nocturno,summer,Media agua,12.72
JCFINP2206,6/26/2022,6,Oligoplites refulgens,-109.6169692,26.53631083,nocturno,summer,Media agua,6.62
JCFINP2206,6/26/2022,7,Scomber japonicus,-110.9730467,26.03922917,nocturno,summer,Media agua,23.43
JCFINP2206,6/26/2022,7,Etrumeus acuminatus,-110.9730467,26.03922917,nocturno,summer,Media agua,1.518
JCFINP2206,6/26/2022,7,Sardinops sagax,-110.9730467,26.03922917,nocturno,summer,Media agua,0.045
JCFINP2206,6/27/2022,8,Scomber japonicus,-110.9742533,25.84231583,nocturno,summer,Media agua,2.04
JCFINP2206,6/27/2022,9,Scomber japonicus,-111.31793,26.23088583,nocturno,summer,Media agua,1.095
JCFINP2206,6/27/2022,9,Engraulis mordax,-111.31793,26.23088583,nocturno,summer,Media agua,43.98
JCFINP2206,6/28/2022,10,Engraulis mordax,-111.1480008,26.1463825,nocturno,summer,Media agua,4.518
JCFINP2206,6/28/2022,10,Scomber japonicus,-111.1480008,26.1463825,nocturno,summer,Media agua,0.158
JCFINP2206,6/28/2022,11,Scomber japonicus,-110.0028025,26.7318125,nocturno,summer,Media agua,0.945
JCFINP2206,6/28/2022,11,Oligoplites refulgens,-110.0028025,26.7318125,nocturno,summer,Media agua,0.621
JCFINP2206,6/29/2022,12,Scomber japonicus,-110.15303,26.85195333,nocturno,summer,Media agua,0.256
JCFINP2206,6/29/2022,13,Scomber japonicus,-110.3051875,26.97048333,nocturno,summer,Media agua,1.136
JCFINP2206,6/29/2022,14,Opisthonema spp.,-110.6991542,27.39507833,nocturno,summer,Media agua,6.508
JCFINP2206,6/29/2022,14,Scomber japonicus,-110.6991542,27.39507833,nocturno,summer,Media agua,0.263
JCFINP2206,6/29/2022,14,Oligoplites refulgens,-110.6991542,27.39507833,nocturno,summer,Media agua,0.114
JCFINP2206,6/30/2022,15,Opisthonema spp.,-110.3856225,27.126105,nocturno,summer,Media agua,6.061
JCFINP2206,6/30/2022,15,Scomber japonicus,-110.3856225,27.126105,nocturno,summer,Media agua,4.46
JCFINP2206,6/30/2022,15,Oligoplites refulgens,-110.3856225,27.126105,nocturno,summer,Media agua,0.741
JCFINP2206,7/1/2022,16,Scomber japonicus,-111.3758392,26.4229725,nocturno,summer,Media agua,0.076
JCFINP2206,7/1/2022,17,Sardinops sagax,-111.4538267,26.57987,nocturno,summer,Media agua,22.6
JCFINP2206,7/1/2022,17,Engraulis mordax,-111.4538267,26.57987,nocturno,summer,Media agua,4.154
JCFINP2206,7/1/2022,17,Trachurus symmetricus,-111.4538267,26.57987,nocturno,summer,Media agua,1.05
JCFINP2206,7/1/2022,17,Etrumeus acuminatus,-111.4538267,26.57987,nocturno,summer,Media agua,1.56
JCFINP2206,7/1/2022,17,Scomber japonicus,-111.4538267,26.57987,nocturno,summer,Media agua,3.15
JCFINP2206,7/1/2022,18,Scomber japonicus,-111.1372283,26.74140083,nocturno,summer,Media agua,0.06
JCFINP2206,7/2/2022,19,Scomber japonicus,-111.5067258,26.7826125,nocturno,summer,Media agua,3.166
JCFINP2206,7/2/2022,19,Etrumeus acuminatus,-111.5067258,26.7826125,nocturno,summer,Media agua,0.099
JCFINP2206,7/2/2022,20,Scomber japonicus,-111.7236492,26.88058583,nocturno,summer,Media agua,1.24
JCFINP2206,7/2/2022,20,Engraulis mordax,-111.7236492,26.88058583,nocturno,summer,Media agua,2.66
JCFINP2206,7/2/2022,21,Engraulis mordax,-112.0432558,27.29478917,nocturno,summer,Media agua,7.89
JCFINP2206,7/2/2022,21,Scomber japonicus,-112.0432558,27.29478917,nocturno,summer,Media agua,0.818
JCFINP2206,7/3/2022,22,Scomber japonicus,-111.9300267,27.156075,nocturno,summer,Media agua,1.168
JCFINP2206,7/3/2022,22,Engraulis mordax,-111.9300267,27.156075,nocturno,summer,Media agua,13.436
JCFINP2206,7/3/2022,22,Sardinops sagax,-111.9300267,27.156075,nocturno,summer,Media agua,0.081
JCFINP2206,7/3/2022,22,Oligoplites refulgens,-111.9300267,27.156075,nocturno,summer,Media agua,0.051
JCFINP2206,7/3/2022,23,Scomber japonicus,-111.35546,27.44989,nocturno,summer,Media agua,3.49
JCFINP2206,7/3/2022,24,Scomber japonicus,-110.7427,27.5666975,nocturno,summer,Media agua,0.252
JCFINP2206,7/3/2022,24,Oligoplites refulgens,-110.7427,27.5666975,nocturno,summer,Media agua,0.305
JCFINP2206,7/3/2022,24,Opisthonema spp.,-110.7427,27.5666975,nocturno,summer,Media agua,0.331
JCFINP2206,7/4/2022,25,Opisthonema spp.,-110.7462892,27.76129667,nocturno,summer,Media agua,55.95
JCFINP2206,7/4/2022,25,Oligoplites refulgens,-110.7462892,27.76129667,nocturno,summer,Media agua,1.821
JCFINP2206,7/4/2022,25,Oligoplites altus,-110.7462892,27.76129667,nocturno,summer,Media agua,0.6
JCFINP2206,7/4/2022,25,Scomber japonicus,-110.7462892,27.76129667,nocturno,summer,Media agua,1.236
JCFINP2206,7/5/2022,26,Scomber japonicus,-111.2531858,28.0141425,nocturno,summer,Media agua,0.378
JCFINP2206,7/5/2022,27,Oligoplites refulgens,-111.4955358,28.23744,nocturno,summer,Media agua,0.528
JCFINP2206,7/5/2022,27,Etrumeus acuminatus,-111.4955358,28.23744,nocturno,summer,Media agua,0.014
JCFINP2206,7/6/2022,28,Engraulis mordax,-112.26391,27.47592333,nocturno,summer,Media agua,5.81
JCFINP2206,7/6/2022,28,Etrumeus acuminatus,-112.26391,27.47592333,nocturno,summer,Media agua,0.07
JCFINP2206,7/6/2022,28,Sardinops sagax,-112.26391,27.47592333,nocturno,summer,Media agua,0.418
JCFINP2206,7/6/2022,28,Scomber japonicus,-112.26391,27.47592333,nocturno,summer,Media agua,1.82
JCFINP2206,7/6/2022,29,Scomber japonicus,-112.1827267,27.88595667,nocturno,summer,Media agua,2.328
JCFINP2206,7/7/2022,31,Scomber japonicus,-111.7802333,28.2884975,nocturno,summer,Media agua,0.608
JCFINP2206,7/7/2022,31,Etrumeus acuminatus,-111.7802333,28.2884975,nocturno,summer,Media agua,0.104
JCFINP2206,7/7/2022,32,Scomber japonicus,-112.6233425,28.053885,nocturno,summer,Media agua,0.599
JCFINP2206,7/7/2022,32,Engraulis mordax,-112.6233425,28.053885,nocturno,summer,Media agua,0.139
JCFINP2206,7/7/2022,33,Scomber japonicus,-112.70831,28.2069,nocturno,summer,Media agua,3.43
JCFINP2206,7/7/2022,33,Etrumeus acuminatus,-112.70831,28.2069,nocturno,summer,Media agua,0.16
JCFINP2206,7/7/2022,33,Sardinops sagax,-112.70831,28.2069,nocturno,summer,Media agua,0.083
JCFINP2206,7/7/2022,33,Trachurus symmetricus,-112.70831,28.2069,nocturno,summer,Media agua,0.86
JCFINP2206,7/7/2022,33,Engraulis mordax,-112.70831,28.2069,nocturno,summer,Media agua,16.17
JCFINP2206,7/8/2022,34,Scomber japonicus,-112.65163,28.4330625,nocturno,summer,Media agua,0.04
JCFINP2206,7/8/2022,34,Oligoplites refulgens,-112.65163,28.4330625,nocturno,summer,Media agua,0.088
JCFINP2206,7/9/2022,35,Scomber japonicus,-112.1466417,28.69022583,nocturno,summer,Media agua,0.182
JCFINP2206,7/9/2022,35,Oligoplites refulgens,-112.1466417,28.69022583,nocturno,summer,Media agua,5.63
JCFINP2206,7/9/2022,35,Opisthonema spp.,-112.1466417,28.69022583,nocturno,summer,Media agua,21.871
JCFINP2206,7/9/2022,36,Opisthonema spp.,-112.084665,28.52602583,nocturno,summer,Media agua,3.698
JCFINP2206,7/9/2022,36,Oligoplites refulgens,-112.084665,28.52602583,nocturno,summer,Media agua,15.251
JCFINP2207,7/27/2022,2,Engraulis mordax,-117.2891875,32.31133,n,summer,Media agua,0.13
JCFINP2207,7/28/2022,4,Engraulis mordax,-117.0010925,31.87401417,n,summer,Media agua,0.12
JCFINP2207,7/29/2022,6,Trachurus symmetricus,-117.5935033,31.76903333,n,summer,Media agua,0.035
JCFINP2207,7/29/2022,6,Scomber japonicus,-117.5935033,31.76903333,n,summer,Media agua,0.012
JCFINP2207,7/30/2022,9,Trachurus symmetricus,-117.4024575,31.67098333,n,summer,Media agua,0.002
JCFINP2207,7/31/2022,12,Engraulis mordax,-116.5454042,31.32787,n,summer,Media agua,1.028
JCFINP2207,8/1/2022,13,Engraulis mordax,-116.6566408,31.455445,n,summer,Media agua,6.2
JCFINP2207,8/1/2022,14,Trachurus symmetricus,-117.0620275,31.259735,n,summer,Media agua,0.011
JCFINP2207,8/1/2022,15,Engraulis mordax,-116.4208358,31.00263917,n,summer,Media agua,0.83
JCFINP2207,8/1/2022,15,Sardinops sagax,-116.4208358,31.00263917,n,summer,Media agua,1.85
JCFINP2207,8/2/2022,17,Engraulis mordax,-116.9065242,31.14429642,n,summer,Media agua,14.84
JCFINP2207,8/3/2022,20,Engraulis mordax,-116.4176858,30.80527,n,summer,Media agua,0.115
JCFINP2207,8/4/2022,21,Engraulis mordax,-116.2805767,30.68506167,n,summer,Media agua,0.025
JCFINP2207,8/4/2022,22,Engraulis mordax,-116.1821192,30.54094083,n,summer,Media agua,0.707
JCFINP2207,8/4/2022,22,Sardinops sagax,-116.1821192,30.54094083,n,summer,Media agua,0.015
JCFINP2207,8/4/2022,23,Engraulis mordax,-116.3659683,30.44623833,n,summer,Media agua,7.37
JCFINP2207,8/5/2022,24,Engraulis mordax,-116.5601842,30.54136417,n,summer,Media agua,0.018
JCFINP2207,8/6/2022,26,Trachurus symmetricus,-116.9721992,30.14386667,n,summer,Media agua,0.007
JCFINP2207,8/6/2022,27,Sardinops sagax,-115.9498192,30.07919667,n,summer,Media agua,2.124
JCFINP2207,8/6/2022,27,Engraulis mordax,-115.9498192,30.07919667,n,summer,Media agua,21.27
JCFINP2207,8/7/2022,28,Sardinops sagax,-116.0462308,30.22861834,n,summer,Media agua,0.074
JCFINP2207,8/7/2022,28,Engraulis mordax,-116.0462308,30.22861834,n,summer,Media agua,4.602
JCFINP2207,8/7/2022,29,Engraulis mordax,-115.8690508,29.72708083,n,summer,Media agua,63.52
JCFINP2207,8/7/2022,29,Sardinops sagax,-115.8690508,29.72708083,n,summer,Media agua,0.839
JCFINP2207,8/8/2022,30,Engraulis mordax,-115.87678,29.919265,n,summer,Media agua,99.907
JCFINP2207,8/8/2022,30,Scomber japonicus,-115.87678,29.919265,n,summer,Media agua,1.207
JCFINP2207,8/8/2022,30,Sardinops sagax,-115.87678,29.919265,n,summer,Media agua,108.232
JCFINP2207,8/13/2022,31,Engraulis mordax,-116.1329925,29.58831583,n,summer,Media agua,2.423
JCFINP2207,8/14/2022,31,Sardinops sagax,-116.1329925,29.58831583,n,summer,Media agua,0.014
JCFINP2207,8/17/2022,31,Trachurus symmetricus,-116.1329925,29.58831583,n,summer,Media agua,0.007
JCFINP2207,8/9/2022,32,Trachurus symmetricus,-116.6190283,29.5334125,n,summer,Media agua,0.02
JCFINP2207,8/9/2022,33,Engraulis mordax,-115.7502592,29.59554,n,summer,Media agua,2.474
JCFINP2207,8/9/2022,33,Sardinops sagax,-115.7502592,29.59554,n,summer,Media agua,0.342
JCFINP2207,8/10/2022,34,Sardinops sagax,-115.6334917,29.461325,n,summer,Media agua,0.087
JCFINP2207,8/10/2022,34,Engraulis mordax,-115.6334917,29.461325,n,summer,Media agua,0.421
JCFINP2207,8/10/2022,35,Etrumeus acuminatus,-115.3269233,29.42499,n,summer,Media agua,0.098
JCFINP2207,8/11/2022,36,Trachurus symmetricus,-115.9364167,29.30456584,n,summer,Media agua,0.149
JCFINP2207,8/11/2022,37,Engraulis mordax,-115.6349192,29.28118083,n,summer,Media agua,3.16
JCFINP2207,8/11/2022,38,Trachurus symmetricus,-115.4753242,29.1667975,n,summer,Media agua,0.076
JCFINP2207,8/11/2022,38,Engraulis mordax,-115.4753242,29.1667975,n,summer,Media agua,1.41
JCFINP2207,8/11/2022,38,Scomber japonicus,-115.4753242,29.1667975,n,summer,Media agua,0.019
JCFINP2207,8/12/2022,42,Engraulis mordax,-115.3488575,28.83033417,n,summer,Media agua,0.058
JCFINP2207,8/13/2022,43,Etrumeus acuminatus,-114.8907675,28.67432667,n,summer,Media agua,0.558
JCFINP2207,8/13/2022,44,Etrumeus acuminatus,-114.63335,28.82722167,n,summer,Media agua,0.251
JCFINP2207,8/14/2022,45,Etrumeus acuminatus,-114.56941,28.47187583,n,summer,Media agua,0.536
JCFINP2207,8/14/2022,45,Sardinops sagax,-114.56941,28.47187583,n,summer,Media agua,0.93
JCFINP2208,8/25/2022,1,Sardinops sagax,-115.1422692,27.73797167,nocturno,summer,Media agua,0.21
JCFINP2208,8/26/2022,3,Engraulis mordax,-115.1068925,27.57182667,nocturno,summer,Media agua,6.24
JCFINP2208,8/27/2022,4,Sardinops sagax,-114.975455,27.65148917,nocturno,summer,Media agua,0.156
JCFINP2208,8/27/2022,4,Etrumeus acuminatus,-114.975455,27.65148917,nocturno,summer,Media agua,0.024
JCFINP2208,8/27/2022,4,Trachurus symmetricus,-114.975455,27.65148917,nocturno,summer,Media agua,0.006
JCFINP2208,8/27/2022,5,Sardinops sagax,-114.8865975,27.58113167,nocturno,summer,Media agua,47
JCFINP2208,8/27/2022,5,Scomber japonicus,-114.8865975,27.58113167,nocturno,summer,Media agua,0.398
JCFINP2208,8/27/2022,5,Etrumeus acuminatus,-114.8865975,27.58113167,nocturno,summer,Media agua,0.096
JCFINP2208,8/28/2022,6,Trachurus symmetricus,-114.8220183,27.34464167,nocturno,summer,Media agua,0.034
JCFINP2208,8/28/2022,7,Sardinops sagax,-114.5489717,27.29486084,nocturno,summer,Media agua,247.69
JCFINP2208,8/28/2022,7,Scomber japonicus,-114.5489717,27.29486084,nocturno,summer,Media agua,138.14
JCFINP2208,8/28/2022,7,Etrumeus acuminatus,-114.5489717,27.29486084,nocturno,summer,Media agua,5.471
JCFINP2208,8/28/2022,7,Trachurus symmetricus,-114.5489717,27.29486084,nocturno,summer,Media agua,4.412
JCFINP2208,8/28/2022,8,Scomber japonicus,-114.5115942,27.10577083,nocturno,summer,Media agua,0.006
JCFINP2208,8/28/2022,8,Trachurus symmetricus,-114.5115942,27.10577083,nocturno,summer,Media agua,1.51
JCFINP2208,8/29/2022,9,Engraulis mordax,-114.2522375,27.05676,nocturno,summer,Media agua,2.02
JCFINP2208,8/29/2022,9,Sardinops sagax,-114.2522375,27.05676,nocturno,summer,Media agua,0.015
JCFINP2208,8/29/2022,9,Trachurus symmetricus,-114.2522375,27.05676,nocturno,summer,Media agua,0.01
JCFINP2208,8/29/2022,9,Scomber japonicus,-114.2522375,27.05676,nocturno,summer,Media agua,0.005
JCFINP2208,8/30/2022,11,Trachurus symmetricus,-114.5703159,26.68093834,nocturno,summer,Media agua,0.015
JCFINP2208,8/30/2022,12,Trachurus symmetricus,-114.333085,26.438775,nocturno,summer,Media agua,0.007
JCFINP2208,8/30/2022,13,Trachurus symmetricus,-113.239215,26.62388167,nocturno,summer,Media agua,0.85
JCFINP2208,8/30/2022,13,Etrumeus acuminatus,-113.239215,26.62388167,nocturno,summer,Media agua,0.853
JCFINP2208,8/31/2022,16,Etrumeus acuminatus,-113.12113,26.49200833,nocturno,summer,Media agua,0.532
JCFINP2208,8/31/2022,16,Engraulis mordax,-113.12113,26.49200833,nocturno,summer,Media agua,0.353
JCFINP2208,9/1/2022,18,Scomber japonicus,-112.8044934,26.07549834,nocturno,summer,Media agua,88.02
JCFINP2208,9/1/2022,18,Etrumeus acuminatus,-112.8044934,26.07549834,nocturno,summer,Media agua,6.97
JCFINP2208,9/1/2022,18,Sardinops sagax,-112.8044934,26.07549834,nocturno,summer,Media agua,1.387
JCFINP2304,4/16/2023,2,Engraulis mordax,-109.6095867,25.928865,nocturno,spring,Media agua,0.28
JCFINP2304,4/15/2023,1,Engraulis mordax,-109.5506608,25.765305,nocturno,spring,Media agua,0.012
JCFINP2304,4/17/2023,4,Engraulis mordax,-109.6228658,25.7399675,nocturno,spring,Media agua,0.001
JCFINP2304,4/17/2023,5,Sardinops sagax,-109.6714484,25.9147725,nocturno,spring,Media agua,0.01
JCFINP2304,4/17/2023,5,Engraulis mordax,-109.6714484,25.9147725,nocturno,spring,Media agua,19.26
JCFINP2304,4/17/2023,5,Scomber japonicus,-109.6714484,25.9147725,nocturno,spring,Media agua,1.09
JCFINP2304,4/19/2023,10,Scomber japonicus,-109.4424442,25.44594583,nocturno,spring,Media agua,0.012
JCFINP2304,4/19/2023,11,Oligoplites refulgens,-109.1658434,25.38466084,nocturno,spring,Media agua,6.52
JCFINP2304,4/21/2023,14,Oligoplites refulgens,-108.93851,25.12378334,nocturno,spring,Media agua,0.105
JCFINP2304,4/22/2023,19,Oligoplites refulgens,-108.4882417,24.95764417,nocturno,spring,Media agua,14.67
JCFINP2304,4/23/2023,21,Scomber japonicus,-108.0910934,24.59418084,nocturno,spring,Media agua,0.186
JCFINP2304,4/26/2023,28,Opisthonema spp.,-107.6478942,24.197645,nocturno,spring,Media agua,1.429
JCFINP2304,4/26/2023,29,Scomber japonicus,-107.7628717,24.317095,nocturno,spring,Media agua,0.059
JCFINP2304,4/26/2023,29,Opisthonema spp.,-107.7628717,24.317095,nocturno,spring,Media agua,0.539
JCFINP2304,4/27/2023,30,Scomber japonicus,-108.0192034,24.40572917,nocturno,spring,Media agua,0.357
JCFINP2304,4/27/2023,30,Opisthonema spp.,-108.0192034,24.40572917,nocturno,spring,Media agua,1.106
JCFINP2304,4/27/2023,31,Opisthonema spp.,-107.4898334,24.0858075,nocturno,spring,Media agua,0.713
JCFINP2304,4/28/2023,34,Opisthonema spp.,-107.0391725,23.7271125,nocturno,spring,Media agua,1.278
JCFINP2304,4/29/2023,35,Opisthonema spp.,-107.2063617,23.89984,nocturno,spring,Media agua,0.665
JCFINP2304,4/29/2023,35,Scomber japonicus,-107.2063617,23.89984,nocturno,spring,Media agua,0.005
JCFINP2304,5/1/2023,39,Scomber japonicus,-105.9522492,22.511135,nocturno,spring,Media agua,0.433
JCFINP2305,5/17/2023,44,Engraulis mordax,-109.6245359,26.04255,nocturno,spring,Media agua,1.85
JCFINP2305,5/17/2023,44,Scomber japonicus,-109.6245359,26.04255,nocturno,spring,Media agua,0.223
JCFINP2305,5/17/2023,45,Engraulis mordax,-109.4576967,26.42119,nocturno,spring,Media agua,0.017
JCFINP2305,5/17/2023,45,Oligoplites refulgens,-109.4576967,26.42119,nocturno,spring,Media agua,42
JCFINP2305,5/17/2023,45,Sardinops sagax,-109.4576967,26.42119,nocturno,spring,Media agua,0.011
JCFINP2305,5/17/2023,45,Scomber japonicus,-109.4576967,26.42119,nocturno,spring,Media agua,0.965
JCFINP2305,5/18/2023,46,Engraulis mordax,-109.5898934,26.14973,nocturno,spring,Media agua,0.012
JCFINP2305,5/18/2023,46,Scomber japonicus,-109.5898934,26.14973,nocturno,spring,Media agua,0.101
JCFINP2305,5/19/2023,48,Scomber japonicus,-110.7653575,25.5740925,nocturno,spring,Media agua,0.119
JCFINP2305,5/19/2023,48,Trachurus symmetricus,-110.7653575,25.5740925,nocturno,spring,Media agua,0.011
JCFINP2305,5/21/2023,53,Etrumeus acuminatus,-109.6094975,26.54021917,nocturno,spring,Media agua,0.4
JCFINP2305,5/21/2023,53,Oligoplites refulgens,-109.6094975,26.54021917,nocturno,spring,Media agua,4.07
JCFINP2305,5/21/2023,53,Opisthonema spp.,-109.6094975,26.54021917,nocturno,spring,Media agua,9.07
JCFINP2305,5/21/2023,53,Sardinops sagax,-109.6094975,26.54021917,nocturno,spring,Media agua,0.03
JCFINP2305,5/21/2023,53,Scomber japonicus,-109.6094975,26.54021917,nocturno,spring,Media agua,0.231
JCFINP2305,5/21/2023,55,Engraulis mordax,-111.182585,26.13352167,nocturno,spring,Media agua,1.339
JCFINP2305,5/21/2023,56,Engraulis mordax,-111.321485,26.2026075,nocturno,spring,Media agua,30.5
JCFINP2305,5/21/2023,56,Scomber japonicus,-111.321485,26.2026075,nocturno,spring,Media agua,0.525
JCFINP2305,5/22/2023,57,Engraulis mordax,-111.3687858,26.38037083,nocturno,spring,Media agua,7.541
JCFINP2305,5/22/2023,57,Scomber japonicus,-111.3687858,26.38037083,nocturno,spring,Media agua,0.044
JCFINP2305,5/23/2023,58,Engraulis mordax,-110.120195,26.86839417,nocturno,spring,Media agua,0.002
JCFINP2305,5/23/2023,58,Etrumeus acuminatus,-110.120195,26.86839417,nocturno,spring,Media agua,0.273
JCFINP2305,5/23/2023,58,Oligoplites refulgens,-110.120195,26.86839417,nocturno,spring,Media agua,1.875
JCFINP2305,5/23/2023,58,Sardinops sagax,-110.120195,26.86839417,nocturno,spring,Media agua,0.007
JCFINP2305,5/23/2023,58,Scomber japonicus,-110.120195,26.86839417,nocturno,spring,Media agua,0.176
JCFINP2305,5/23/2023,59,Oligoplites refulgens,-109.994755,26.7361175,nocturno,spring,Media agua,0.33
JCFINP2305,5/23/2023,59,Sardinops sagax,-109.994755,26.7361175,nocturno,spring,Media agua,0.016
JCFINP2305,5/24/2023,61,Engraulis mordax,-110.4736517,27.08075417,nocturno,spring,Media agua,0.002
JCFINP2305,5/24/2023,62,Engraulis mordax,-111.46806,26.572945,nocturno,spring,Media agua,15.344
JCFINP2305,5/24/2023,62,Etrumeus acuminatus,-111.46806,26.572945,nocturno,spring,Media agua,0.049
JCFINP2305,5/25/2023,63,Engraulis mordax,-111.7605417,26.875155,nocturno,spring,Media agua,50.359
JCFINP2305,5/25/2023,63,Etrumeus acuminatus,-111.7605417,26.875155,nocturno,spring,Media agua,0.097
JCFINP2305,5/25/2023,63,Sardinops sagax,-111.7605417,26.875155,nocturno,spring,Media agua,3.777
JCFINP2305,5/25/2023,63,Trachurus symmetricus,-111.7605417,26.875155,nocturno,spring,Media agua,0.092
JCFINP2305,5/25/2023,64,Engraulis mordax,-110.6984225,27.3929425,nocturno,spring,Media agua,5.684
JCFINP2305,5/26/2023,65,Etrumeus acuminatus,-110.7421,27.56715,nocturno,spring,Media agua,0.235
JCFINP2305,5/26/2023,65,Oligoplites refulgens,-110.7421,27.56715,nocturno,spring,Media agua,0.81
JCFINP2305,5/26/2023,65,Opisthonema spp.,-110.7421,27.56715,nocturno,spring,Media agua,0.195
JCFINP2305,5/26/2023,65,Scomber japonicus,-110.7421,27.56715,nocturno,spring,Media agua,0.109
JCFINP2305,5/26/2023,66,Oligoplites refulgens,-110.75081,27.75867333,nocturno,spring,Media agua,36.42
JCFINP2305,5/26/2023,66,Opisthonema spp.,-110.75081,27.75867333,nocturno,spring,Media agua,9.054
JCFINP2305,5/26/2023,66,Scomber japonicus,-110.75081,27.75867333,nocturno,spring,Media agua,1.603
JCFINP2305,5/26/2023,67,Engraulis mordax,-111.2237659,27.97443833,nocturno,spring,Media agua,0.738
JCFINP2305,5/26/2023,67,Oligoplites refulgens,-111.2237659,27.97443833,nocturno,spring,Media agua,0.193
JCFINP2305,5/26/2023,67,Scomber japonicus,-111.2237659,27.97443833,nocturno,spring,Media agua,1.172
JCFINP2305,5/27/2023,68,Engraulis mordax,-110.9783959,27.86083334,nocturno,spring,Media agua,0.701
JCFINP2305,5/27/2023,68,Etrumeus acuminatus,-110.9783959,27.86083334,nocturno,spring,Media agua,2.347
JCFINP2305,5/27/2023,68,Sardinops sagax,-110.9783959,27.86083334,nocturno,spring,Media agua,0.023
JCFINP2305,5/27/2023,68,Scomber japonicus,-110.9783959,27.86083334,nocturno,spring,Media agua,1.181
JCFINP2305,5/27/2023,70,Scomber japonicus,-112.0416075,27.295595,nocturno,spring,Media agua,0.51
JCFINP2305,5/27/2023,71,Engraulis mordax,-111.9531317,27.1438275,nocturno,spring,Media agua,1.54
JCFINP2305,5/27/2023,71,Etrumeus acuminatus,-111.9531317,27.1438275,nocturno,spring,Media agua,0.011
JCFINP2305,5/27/2023,71,Sardinops sagax,-111.9531317,27.1438275,nocturno,spring,Media agua,0.079
JCFINP2305,5/27/2023,71,Scomber japonicus,-111.9531317,27.1438275,nocturno,spring,Media agua,2.7
JCFINP2305,5/27/2023,71,Trachurus symmetricus,-111.9531317,27.1438275,nocturno,spring,Media agua,0.007
JCFINP2305,5/28/2023,72,Etrumeus acuminatus,-111.86183,26.99436833,nocturno,spring,Media agua,1.141
JCFINP2305,5/28/2023,72,Sardinops sagax,-111.86183,26.99436833,nocturno,spring,Media agua,10.77
JCFINP2305,5/28/2023,72,Scomber japonicus,-111.86183,26.99436833,nocturno,spring,Media agua,0.453
JCFINP2305,5/28/2023,72,Trachurus symmetricus,-111.86183,26.99436833,nocturno,spring,Media agua,0.065
JCFINP2305,5/28/2023,74,Sardinops sagax,-112.2868925,27.63629084,nocturno,spring,Media agua,3.661
JCFINP2305,5/28/2023,74,Scomber japonicus,-112.2868925,27.63629084,nocturno,spring,Media agua,0.509
JCFINP2305,5/29/2023,75,Etrumeus acuminatus,-112.2578542,27.46710834,nocturno,spring,Media agua,0.174
JCFINP2305,5/29/2023,76,Oligoplites refulgens,-111.5760567,28.28987584,nocturno,spring,Media agua,18.42
JCFINP2305,5/29/2023,76,Opisthonema spp.,-111.5760567,28.28987584,nocturno,spring,Media agua,27.48
JCFINP2305,5/29/2023,76,Sardinops sagax,-111.5760567,28.28987584,nocturno,spring,Media agua,0.009
JCFINP2305,5/29/2023,76,Scomber japonicus,-111.5760567,28.28987584,nocturno,spring,Media agua,1.915
JCFINP2305,5/30/2023,77,Etrumeus acuminatus,-111.8329634,28.26140084,nocturno,spring,Media agua,0.01
JCFINP2305,5/30/2023,77,Oligoplites refulgens,-111.8329634,28.26140084,nocturno,spring,Media agua,0.049
JCFINP2305,5/30/2023,77,Scomber japonicus,-111.8329634,28.26140084,nocturno,spring,Media agua,0.047
JCFINP2305,5/30/2023,78,Etrumeus acuminatus,-112.0276767,28.3584225,nocturno,spring,Media agua,0.14
JCFINP2305,5/30/2023,78,Oligoplites refulgens,-112.0276767,28.3584225,nocturno,spring,Media agua,0.538
JCFINP2305,5/30/2023,78,Sardinops sagax,-112.0276767,28.3584225,nocturno,spring,Media agua,0.02
JCFINP2305,5/30/2023,79,Engraulis mordax,-112.6661067,28.42581584,nocturno,spring,Media agua,0.046
JCFINP2305,5/31/2023,80,Engraulis mordax,-112.6906159,27.94216333,nocturno,spring,Media agua,0.453
JCFINP2305,5/31/2023,81,Scomber japonicus,-112.4581109,28.77350417,nocturno,spring,Media agua,0.492
JCFINP2305,6/1/2023,82,Engraulis mordax,-112.1858342,28.70624834,nocturno,spring,Media agua,0.008
JCFINP2305,6/1/2023,82,Etrumeus acuminatus,-112.1858342,28.70624834,nocturno,spring,Media agua,0.479
JCFINP2305,6/1/2023,82,Oligoplites refulgens,-112.1858342,28.70624834,nocturno,spring,Media agua,1.913
JCFINP2305,6/1/2023,82,Sardinops sagax,-112.1858342,28.70624834,nocturno,spring,Media agua,0.032
JCFINP2305,6/1/2023,82,Scomber japonicus,-112.1858342,28.70624834,nocturno,spring,Media agua,2.291
JCFINP2306,6/15/2023,1,Etrumeus acuminatus,-110.0729967,22.9476925,nocturno,spring,Media agua,0.14
JCFINP2306,6/15/2023,3,Etrumeus acuminatus,-110.2238392,23.26713167,nocturno,spring,Media agua,4.262
JCFINP2306,6/15/2023,3,Sardinops sagax,-110.2238392,23.26713167,nocturno,spring,Media agua,0.325
JCFINP2306,6/18/2023,9,Etrumeus acuminatus,-110.6520475,23.6166825,nocturno,spring,Media agua,27.25
JCFINP2306,6/18/2023,9,Sardinops sagax,-110.6520475,23.6166825,nocturno,spring,Media agua,17.29
JCFINP2306,6/18/2023,9,Scomber japonicus,-110.6520475,23.6166825,nocturno,spring,Media agua,49.71
JCFINP2306,6/19/2023,10,Etrumeus acuminatus,-110.5330959,23.4818175,nocturno,spring,Media agua,0.432
JCFINP2306,6/19/2023,10,Sardinops sagax,-110.5330959,23.4818175,nocturno,spring,Media agua,0.263
JCFINP2306,6/19/2023,11,Etrumeus acuminatus,-110.2958225,23.46373834,nocturno,spring,Media agua,2.203
JCFINP2306,6/19/2023,12,Etrumeus acuminatus,-110.7656367,23.75758167,nocturno,spring,Media agua,10.661
JCFINP2306,6/19/2023,12,Sardinops sagax,-110.7656367,23.75758167,nocturno,spring,Media agua,10.441
JCFINP2306,6/19/2023,12,Scomber japonicus,-110.7656367,23.75758167,nocturno,spring,Media agua,2.118
JCFINP2306,6/19/2023,13,Etrumeus acuminatus,-110.8649259,23.88739667,nocturno,spring,Media agua,31.947
JCFINP2306,6/19/2023,13,Sardinops sagax,-110.8649259,23.88739667,nocturno,spring,Media agua,9.64
JCFINP2306,6/19/2023,13,Scomber japonicus,-110.8649259,23.88739667,nocturno,spring,Media agua,0.498
JCFINP2306,6/19/2023,13,Trachurus symmetricus,-110.8649259,23.88739667,nocturno,spring,Media agua,0.049
JCFINP2306,6/20/2023,14,Etrumeus acuminatus,-111.1663608,23.92477667,nocturno,spring,Media agua,0.278
JCFINP2306,6/20/2023,14,Sardinops sagax,-111.1663608,23.92477667,nocturno,spring,Media agua,0.516
JCFINP2306,6/20/2023,15,Sardinops sagax,-111.7126717,23.89855,nocturno,spring,Media agua,5.29
JCFINP2306,6/20/2023,15,Scomber japonicus,-111.7126717,23.89855,nocturno,spring,Media agua,0.591
JCFINP2306,6/21/2023,16,Sardinops sagax,-111.5883258,23.70142833,nocturno,summer,Media agua,0.984
JCFINP2306,6/21/2023,16,Scomber japonicus,-111.5883258,23.70142833,nocturno,summer,Media agua,5.13
JCFINP2306,6/21/2023,17,Etrumeus acuminatus,-111.2251275,24.10388,nocturno,summer,Media agua,32.5
JCFINP2306,6/21/2023,17,Sardinops sagax,-111.2251275,24.10388,nocturno,summer,Media agua,12.52
JCFINP2306,6/21/2023,17,Scomber japonicus,-111.2251275,24.10388,nocturno,summer,Media agua,0.254
JCFINP2306,6/22/2023,18,Etrumeus acuminatus,-111.4301775,24.1705675,nocturno,summer,Media agua,0.475
JCFINP2306,6/22/2023,18,Scomber japonicus,-111.4301775,24.1705675,nocturno,summer,Media agua,0.149
JCFINP2306,6/22/2023,19,Etrumeus acuminatus,-111.5888075,24.28313,nocturno,summer,Media agua,0.992
JCFINP2306,6/22/2023,19,Sardinops sagax,-111.5888075,24.28313,nocturno,summer,Media agua,0.098
JCFINP2306,6/22/2023,19,Scomber japonicus,-111.5888075,24.28313,nocturno,summer,Media agua,4.803
JCFINP2306,6/22/2023,20,Etrumeus acuminatus,-111.9224667,24.301585,nocturno,summer,Media agua,11.9
JCFINP2306,6/22/2023,20,Scomber japonicus,-111.9224667,24.301585,nocturno,summer,Media agua,90.821
JCFINP2306,6/24/2023,23,Etrumeus acuminatus,-112.3467084,24.67108917,nocturno,summer,Media agua,0.647
JCFINP2306,6/24/2023,23,Scomber japonicus,-112.3467084,24.67108917,nocturno,summer,Media agua,19.58
JCFINP2306,6/24/2023,24,Etrumeus acuminatus,-112.154095,24.5849275,nocturno,summer,Media agua,35.3
JCFINP2306,6/25/2023,25,Etrumeus acuminatus,-112.3528534,25.04849417,nocturno,summer,Media agua,0.46
JCFINP2306,6/26/2023,28,Trachurus symmetricus,-112.6255408,25.686615,nocturno,summer,Media agua,0.036
JCFINP2306,6/28/2023,33,Etrumeus acuminatus,-112.602625,26.07858417,nocturno,summer,Media agua,0.621
JCFINP2306,6/29/2023,35,Engraulis mordax,-113.392485,26.64645167,nocturno,summer,Media agua,0.505
JCFINP2306,6/29/2023,35,Etrumeus acuminatus,-113.392485,26.64645167,nocturno,summer,Media agua,1034.663
JCFINP2306,6/29/2023,35,Sardinops sagax,-113.392485,26.64645167,nocturno,summer,Media agua,2.76
JCFINP2306,6/29/2023,35,Scomber japonicus,-113.392485,26.64645167,nocturno,summer,Media agua,11.8
JCFINP2306,7/30/2023,37,Engraulis mordax,-114.1215675,27.005115,nocturno,summer,Media agua,0.038
JCFINP2306,7/30/2023,37,Etrumeus acuminatus,-114.1215675,27.005115,nocturno,summer,Media agua,1.062
JCFINP2306,7/30/2023,37,Sardinops sagax,-114.1215675,27.005115,nocturno,summer,Media agua,1.471
JCFINP2306,7/30/2023,37,Scomber japonicus,-114.1215675,27.005115,nocturno,summer,Media agua,1.371
JCFINP2306,7/1/2023,39,Engraulis mordax,-114.6796883,27.31720583,nocturno,summer,Media agua,0.591
JCFINP2306,7/1/2023,39,Etrumeus acuminatus,-114.6796883,27.31720583,nocturno,summer,Media agua,2.1
JCFINP2306,7/1/2023,39,Sardinops sagax,-114.6796883,27.31720583,nocturno,summer,Media agua,13.78
JCFINP2306,7/1/2023,39,Scomber japonicus,-114.6796883,27.31720583,nocturno,summer,Media agua,120.73
JCFINP2306,7/1/2023,39,Trachurus symmetricus,-114.6796883,27.31720583,nocturno,summer,Media agua,10.4
JCFINP2306,7/1/2023,40,Engraulis mordax,-114.8410817,27.42948917,nocturno,summer,Media agua,0.034
JCFINP2306,7/2/2023,41,Sardinops sagax,-114.8905892,27.59451084,nocturno,summer,Media agua,1.97
JCFINP2306,7/2/2023,42,Engraulis mordax,-115.3282208,27.7363675,nocturno,summer,Media agua,99.609
JCFINP2306,7/2/2023,42,Sardinops sagax,-115.3282208,27.7363675,nocturno,summer,Media agua,0.011
JCFINP2306,7/2/2023,43,Engraulis mordax,-115.1587909,27.65489333,nocturno,summer,Media agua,151.335
JCFINP2306,7/2/2023,43,Sardinops sagax,-115.1587909,27.65489333,nocturno,summer,Media agua,0.031
JCFINP2306,7/3/2023,44,Engraulis mordax,-115.9457767,28.01952834,nocturno,summer,Media agua,3.52
JCFINP2306,7/3/2023,44,Sardinops sagax,-115.9457767,28.01952834,nocturno,summer,Media agua,0.032
JCFINP2306,7/3/2023,44,Trachurus symmetricus,-115.9457767,28.01952834,nocturno,summer,Media agua,0.024
JCFINP2306,7/4/2023,45,Engraulis mordax,-115.5223808,27.84573417,nocturno,summer,Media agua,1715.962
JCFINP2306,7/4/2023,45,Sardinops sagax,-115.5223808,27.84573417,nocturno,summer,Media agua,1936.123
JCFINP2306,7/4/2023,45,Scomber japonicus,-115.5223808,27.84573417,nocturno,summer,Media agua,6.378
JCFINP2306,7/4/2023,46,Engraulis mordax,-114.7040142,29.01921584,nocturno,summer,Media agua,0.014
JCFINP2306,7/7/2023,50,Engraulis mordax,-115.4287575,29.27302917,nocturno,summer,Media agua,0.084
JCFINP2306,7/7/2023,50,Etrumeus acuminatus,-115.4287575,29.27302917,nocturno,summer,Media agua,0.257
JCFINP2306,7/7/2023,50,Sardinops sagax,-115.4287575,29.27302917,nocturno,summer,Media agua,14.22
JCFINP2306,7/8/2023,51,Engraulis mordax,-115.1583642,29.22558083,nocturno,summer,Media agua,0.008
JCFINP2306,7/8/2023,51,Etrumeus acuminatus,-115.1583642,29.22558083,nocturno,summer,Media agua,2.262
JCFINP2306,7/8/2023,51,Sardinops sagax,-115.1583642,29.22558083,nocturno,summer,Media agua,0.683
JCFINP2306,7/8/2023,52,Etrumeus acuminatus,-115.7545617,29.6826475,nocturno,summer,Media agua,0.617
JCFINP2306,7/8/2023,52,Sardinops sagax,-115.7545617,29.6826475,nocturno,summer,Media agua,7.9
JCFINP2306,7/8/2023,53,Sardinops sagax,-115.4881834,29.43864167,nocturno,summer,Media agua,0.618
JCFINP2306,7/9/2023,54,Engraulis mordax,-115.87489,29.44181667,nocturno,summer,Media agua,167.894
JCFINP2306,7/9/2023,54,Sardinops sagax,-115.87489,29.44181667,nocturno,summer,Media agua,339.551
JCFINP2306,7/9/2023,54,Scomber japonicus,-115.87489,29.44181667,nocturno,summer,Media agua,5.236
JCFINP2306,7/9/2023,55,Engraulis mordax,-115.8806409,30.20426417,nocturno,summer,Media agua,0.169
JCFINP2306,7/9/2023,56,Engraulis mordax,-115.8666717,30.01714584,nocturno,summer,Media agua,0.095
JCFINP2306,7/9/2023,56,Sardinops sagax,-115.8666717,30.01714584,nocturno,summer,Media agua,0.023
JCFINP2306,7/10/2023,57,Engraulis mordax,-116.005055,29.74823417,nocturno,summer,Media agua,2.535
JCFINP2306,7/10/2023,57,Sardinops sagax,-116.005055,29.74823417,nocturno,summer,Media agua,0.233
JCFINP2306,7/10/2023,58,Engraulis mordax,-116.2199759,30.42105583,nocturno,summer,Media agua,15
JCFINP2306,7/10/2023,59,Engraulis mordax,-116.1178442,30.30922083,nocturno,summer,Media agua,20.02
JCFINP2306,7/10/2023,59,Sardinops sagax,-116.1178442,30.30922083,nocturno,summer,Media agua,0.398
JCFINP2306,7/11/2023,60,Engraulis mordax,-115.8812659,30.21507167,nocturno,summer,Media agua,0.621
JCFINP2306,7/11/2023,61,Engraulis mordax,-116.3638434,30.5449675,nocturno,summer,Media agua,284.996
JCFINP2306,7/11/2023,61,Sardinops sagax,-116.3638434,30.5449675,nocturno,summer,Media agua,0.141
JCFINP2306,7/11/2023,61,Scomber japonicus,-116.3638434,30.5449675,nocturno,summer,Media agua,0.407
JCFINP2306,7/12/2023,62,Engraulis mordax,-116.3863475,30.72123084,nocturno,summer,Media agua,0.106
JCFINP2306,7/12/2023,62,Sardinops sagax,-116.3863475,30.72123084,nocturno,summer,Media agua,0.034
JCFINP2306,7/12/2023,63,Engraulis mordax,-116.63738,30.79394667,nocturno,summer,Media agua,5.1
JCFINP2306,7/12/2023,63,Sardinops sagax,-116.63738,30.79394667,nocturno,summer,Media agua,0.029
JCFINP2306,7/12/2023,63,Scomber japonicus,-116.63738,30.79394667,nocturno,summer,Media agua,1.8
JCFINP2306,7/13/2023,64,Engraulis mordax,-116.5368442,31.03636667,nocturno,summer,Media agua,46.67
JCFINP2306,7/13/2023,64,Sardinops sagax,-116.5368442,31.03636667,nocturno,summer,Media agua,0.251
JCFINP2306,7/13/2023,65,Engraulis mordax,-116.3671767,31.06795167,nocturno,summer,Media agua,2514.036
JCFINP2306,7/13/2023,66,Engraulis mordax,-116.6442425,31.3819675,nocturno,summer,Media agua,0.417
JCFINP2306,7/13/2023,66,Sardinops sagax,-116.6442425,31.3819675,nocturno,summer,Media agua,0.009
JCFINP2306,7/13/2023,67,Engraulis mordax,-116.482745,31.25300334,nocturno,summer,Media agua,1.03
JCFINP2306,7/13/2023,67,Sardinops sagax,-116.482745,31.25300334,nocturno,summer,Media agua,0.015
JCFINP2306,7/14/2023,68,Engraulis mordax,-116.8997442,31.83052,nocturno,summer,Media agua,3.28
JCFINP2306,7/14/2023,68,Sardinops sagax,-116.8997442,31.83052,nocturno,summer,Media agua,0.046
JCFINP2306,7/15/2023,70,Engraulis mordax,-116.79318,31.48249084,nocturno,summer,Media agua,0.503
JCFINP2306,7/15/2023,71,Engraulis mordax,-117.1577258,32.07785084,nocturno,summer,Media agua,2.583
JCFINP2306,7/16/2023,73,Engraulis mordax,-117.1158692,31.71430417,nocturno,summer,Media agua,51.622
JCFINP2306,7/16/2023,74,Engraulis mordax,-117.483775,32.304295,nocturno,summer,Media agua,41.337
JCFINP2306,7/16/2023,74,Sardinops sagax,-117.483775,32.304295,nocturno,summer,Media agua,0.036
JCFINP2306,7/16/2023,74,Trachurus symmetricus,-117.483775,32.304295,nocturno,summer,Media agua,0.007
JCFINP2306,7/17/2023,75,Engraulis mordax,-117.11855,32.27027083,nocturno,summer,Media agua,0.037
JCFINP2306,7/17/2023,75,Trachurus symmetricus,-117.11855,32.27027083,nocturno,summer,Media agua,0.012
